808seika,332654
auc-dan-syaku,283212
auc-kurashi-kaientai,269679
auc-oniku-hirai,280592
auc-sschicken,260185
awaji-gift,342623
awajitamanegi,229230
book,213310
chanet,211165
dhcshop-2,347997
e-sbfoods,202020
f012246-chitose,364045
f242055-kuwana,339101
f303411-katsuragi,340740
f372056-kanonji,360106
f422142-minamisimabara,317891
f452025-miyakonojo,252305
favoritestyle,298519
food-link,255787
guttop,282203
hi-syokuzaishitu,227144
homeshop,203707
imaifarm,272674
iwate-hirofarm,283888
jetprice,322832
jonetsu,294103
joy-island,262075
kagomoto,316542
kaldi,253329
kamaya,256133
kenkocom,193677
kibi,209083
kk-shimaya,305922
konnyaku-ya,309433
kotoya5678,227538
kou-fuku,322843
ksfoods,216160
kwgchi,201259
kyoei,110007
kyunan,208420
life-freshmart,298120
mamapan,194096
mangos,267774
marukyo-store,223975
matsukiyo,294451
meiji-ya,263292
minamiseika,300330
nikudonya,222516
nikunotomoru,213888
nikunotomoru,358062
oishiina,245566
onestep,201844
ootsuru,224538
oyasaimura,278652
pika831,201791
pika831,283110
profoods,208201
rakuten24,261122
sake-makino,238086
sankin-asaichi,205960
sankyotikusan,295513
santarosa,247534
shokuzai-market,239207
sizensyoku21,201791
sizensyoku21,283110
soukai,203677
sumiyoshi,215694
syokusai-shop,296059
takaocoffee,298232
tanemori-netshop,360300
tansu,199397
thd,190939
tomizawa,334661
uzumasa,196938
vegepple,282085
wagyu1ba,356334
world-wand,271166
yamayasato,243696
zakkacocker,205830
